Timestamp,Longitude,Latitude,CellID,RSRP,RSRQ,SNR,CQI,DL_bitrate,UL_bitrate,Cluster
2017-11-30 16:15:00,-8.500061,51.893115,8,-107,-16,4.0,8,105,63,0
2017-11-30 16:15:00,-8.500061,51.893115,8,-107,-16,4.0,8,105,63,0
2017-11-30 16:15:02,-8.500061,51.893115,8,-107,-16,4.0,10,147,90,0
2017-11-30 16:15:03,-8.500061,51.893115,8,-102,-16,9.0,9,870,52,0
2017-11-30 16:15:05,-8.500061,51.893115,8,-102,-16,8.0,9,236,234,0
2017-11-30 16:15:06,-8.500061,51.893115,8,-104,-16,7.0,9,174,59,0
2017-11-30 16:15:07,-8.500061,51.893115,8,-104,-16,7.0,9,32,51,0
2017-11-30 16:15:09,-8.500061,51.893115,8,-102,-16,10.0,9,879,68,0
2017-11-30 16:15:11,-8.500061,51.893115,8,-102,-16,10.0,12,58,20,0
2017-11-30 16:15:12,-8.500061,51.893115,8,-103,-15,8.0,12,824,76,0
2017-11-30 16:15:13,-8.500061,51.893115,8,-104,-15,8.0,12,1967,80,2
2017-11-30 16:15:14,-8.500061,51.893115,8,-104,-15,8.0,11,1209,46,0
2017-11-30 16:15:15,-8.500061,51.893115,8,-108,-17,3.0,8,3836,103,0
2017-11-30 16:15:16,-8.500061,51.893115,8,-108,-17,3.0,8,2035,38,0
2017-11-30 16:15:17,-8.500061,51.893115,8,-106,-16,4.0,7,1510,52,0
2017-11-30 16:15:18,-8.500061,51.893115,8,-106,-16,4.0,11,3363,64,0
2017-11-30 16:15:20,-8.500061,51.893115,8,-103,-16,3.0,8,1834,34,0
2017-11-30 16:15:21,-8.500061,51.893115,8,-103,-16,3.0,8,2136,40,0
2017-11-30 16:15:22,-8.500061,51.893115,8,-107,-16,6.0,8,2505,47,0
2017-11-30 16:15:23,-8.500061,51.893115,8,-107,-16,6.0,8,3166,59,0
2017-11-30 16:15:24,-8.500061,51.893115,8,-105,-15,5.0,8,2896,54,0
2017-11-30 16:15:26,-8.500061,51.893115,8,-105,-15,5.0,8,2740,55,0
2017-11-30 16:15:27,-8.500061,51.893115,8,-109,-15,4.0,8,1353,45,0
2017-11-30 16:15:28,-8.500061,51.893115,8,-109,-15,4.0,8,2561,59,0
2017-11-30 16:15:30,-8.500061,51.893115,8,-110,-15,4.0,8,1811,46,0
2017-11-30 16:15:31,-8.500061,51.893115,8,-110,-15,4.0,8,3780,82,0
2017-11-30 16:15:32,-8.500061,51.893115,8,-106,-14,3.0,9,1789,33,0
2017-11-30 16:15:33,-8.500061,51.893115,8,-106,-14,3.0,9,1865,67,0
2017-11-30 16:15:34,-8.500061,51.893115,8,-106,-16,6.0,8,1521,50,0
2017-11-30 16:15:36,-8.500061,51.893115,8,-106,-16,6.0,8,1576,29,0
2017-11-30 16:15:37,-8.500061,51.893115,8,-106,-16,7.0,8,3757,69,0
2017-11-30 16:15:38,-8.500061,51.893115,8,-106,-16,7.0,8,2482,49,0
2017-11-30 16:15:39,-8.500061,51.893115,2,-27,-19,5.0,8,2730,71,1
2017-11-30 16:15:40,-8.500061,51.893115,2,-27,-19,5.0,6,1623,31,1
2017-11-30 16:15:42,-8.500061,51.893115,8,-106,-16,0.0,8,1409,27,0
2017-11-30 16:15:43,-8.500061,51.893115,8,-106,-16,0.0,8,1778,33,0
2017-11-30 16:15:44,-8.500061,51.893115,8,-105,-16,6.0,8,1677,31,0
2017-11-30 16:15:45,-8.500061,51.893115,8,-105,-16,6.0,8,1476,28,0
2017-11-30 16:15:47,-8.500061,51.893115,8,-105,-16,7.0,8,1252,24,0
2017-11-30 16:15:48,-8.500061,51.893115,8,-105,-16,7.0,8,917,40,0
2017-11-30 16:15:49,-8.500061,51.893115,8,-106,-16,7.0,8,1252,24,0
2017-11-30 16:15:51,-8.500061,51.893115,8,-106,-16,7.0,8,1364,25,0
2017-11-30 16:15:52,-8.500061,51.893115,8,-106,-16,8.0,8,2013,38,0
2017-11-30 16:15:53,-8.500061,51.893115,8,-106,-16,8.0,8,2438,72,0
2017-11-30 16:15:54,-8.500061,51.893115,8,-106,-16,7.0,8,2382,44,0
2017-11-30 16:15:55,-8.500061,51.893115,8,-106,-16,7.0,8,2147,40,0
2017-11-30 16:15:56,-8.500061,51.893115,8,-106,-16,7.0,8,2226,43,0
2017-11-30 16:15:58,-8.500061,51.893115,8,-106,-16,7.0,8,2963,59,0
2017-11-30 16:15:59,-8.500061,51.893115,8,-106,-16,8.0,8,3161,61,0
2017-11-30 16:16:00,-8.500061,51.893115,8,-106,-16,8.0,8,3645,68,0
2017-11-30 16:16:01,-8.500061,51.893115,8,-106,-16,7.0,8,3422,66,0
2017-11-30 16:16:02,-8.500061,51.893115,8,-106,-16,7.0,8,3008,56,0
2017-11-30 16:16:03,-8.500061,51.893115,8,-105,-16,8.0,8,2359,44,0
2017-11-30 16:16:05,-8.500061,51.893115,8,-105,-16,8.0,8,2426,46,0
2017-11-30 16:16:06,-8.500061,51.893115,8,-105,-16,9.0,8,1688,51,0
2017-11-30 16:16:07,-8.500061,51.893115,8,-105,-16,9.0,8,2035,98,0
2017-11-30 16:16:08,-8.500061,51.893115,8,-105,-15,8.0,8,1644,38,0
2017-11-30 16:16:09,-8.500061,51.893115,8,-105,-15,8.0,8,1767,77,0
2017-11-30 16:16:10,-8.500061,51.893115,8,-105,-16,8.0,8,2796,89,0
2017-11-30 16:16:12,-8.500061,51.893115,8,-105,-16,8.0,8,2259,42,0
2017-11-30 16:16:13,-8.500061,51.893115,8,-105,-16,8.0,8,1644,32,0
2017-11-30 16:16:14,-8.500061,51.893115,8,-105,-16,8.0,7,1677,70,0
2017-11-30 16:16:15,-8.500061,51.893115,8,-110,-16,4.0,7,1196,47,0
2017-11-30 16:16:17,-8.500061,51.893115,8,-110,-16,4.0,7,905,23,0
2017-11-30 16:16:18,-8.500061,51.893115,8,-107,-15,5.0,8,917,25,0
2017-11-30 16:16:19,-8.500061,51.893115,8,-107,-15,5.0,9,1375,29,0
2017-11-30 16:16:20,-8.500061,51.893115,8,-103,-15,6.0,9,2952,54,0
2017-11-30 16:16:21,-8.500061,51.893115,8,-103,-15,6.0,12,1375,25,0
2017-11-30 16:16:23,-8.500061,51.893115,8,-104,-16,6.0,8,2494,46,0
2017-11-30 16:16:24,-8.500061,51.893115,8,-104,-16,6.0,8,1364,25,0
2017-11-30 16:16:25,-8.500061,51.893115,8,-104,-15,6.0,8,2404,48,0
2017-11-30 16:16:27,-8.500061,51.893115,8,-104,-15,6.0,8,1241,24,0
2017-11-30 16:16:28,-8.500061,51.893115,8,-104,-16,6.0,8,1834,79,0
2017-11-30 16:16:29,-8.500061,51.893115,8,-104,-16,6.0,8,1521,61,0
2017-11-30 16:16:30,-8.500061,51.893115,8,-105,-15,5.0,8,1521,62,0
2017-11-30 16:16:32,-8.500061,51.893115,8,-105,-15,5.0,8,1576,29,0
2017-11-30 16:16:33,-8.500061,51.893115,8,-104,-15,5.0,8,1677,31,0
2017-11-30 16:16:34,-8.500061,51.893115,8,-104,-15,5.0,8,2549,47,0
2017-11-30 16:16:35,-8.500061,51.893115,8,-103,-16,5.0,8,3019,56,0
2017-11-30 16:16:36,-8.500061,51.893115,8,-103,-16,5.0,8,2359,61,0
2017-11-30 16:16:38,-8.500061,51.893115,8,-103,-16,6.0,8,917,18,0
2017-11-30 16:16:39,-8.500061,51.893115,8,-103,-16,6.0,8,1655,31,0
2017-11-30 16:16:40,-8.500061,51.893115,8,-104,-16,6.0,8,950,42,0
2017-11-30 16:16:41,-8.500061,51.893115,8,-104,-16,6.0,8,2147,40,0
2017-11-30 16:16:42,-8.500061,51.893115,8,-104,-16,6.0,8,2393,44,0
2017-11-30 16:16:44,-8.500061,51.893115,8,-104,-16,6.0,8,726,14,0
2017-11-30 16:16:45,-8.500061,51.893115,8,-104,-16,6.0,8,1867,55,0
2017-11-30 16:16:46,-8.500061,51.893115,8,-104,-16,6.0,8,1453,25,0
2017-11-30 16:16:48,-8.500061,51.893115,8,-104,-16,6.0,8,1822,56,0
2017-11-30 16:16:49,-8.500061,51.893115,8,-104,-16,6.0,8,3176,59,0
2017-11-30 16:16:50,-8.500061,51.893115,8,-104,-15,6.0,8,1901,35,0
2017-11-30 16:16:51,-8.500061,51.893115,8,-104,-15,6.0,8,1509,28,0
2017-11-30 16:16:53,-8.500061,51.893115,8,-104,-15,7.0,8,2952,54,0
2017-11-30 16:16:54,-8.500061,51.893115,8,-104,-15,7.0,8,1386,26,0
2017-11-30 16:16:55,-8.500061,51.893115,8,-104,-14,7.0,8,4261,79,0
2017-11-30 16:16:56,-8.500061,51.893115,8,-104,-14,7.0,8,2158,40,0
2017-11-30 16:16:58,-8.500061,51.893115,8,-104,-15,7.0,8,2650,98,0
2017-11-30 16:16:59,-8.500061,51.893115,8,-104,-15,7.0,8,2728,50,0
2017-11-30 16:17:00,-8.500061,51.893115,8,-104,-15,7.0,8,782,15,0
2017-11-30 16:17:01,-8.500061,51.893115,8,-104,-15,7.0,8,2214,83,0
2017-11-30 16:17:02,-8.500061,51.893115,8,-103,-15,6.0,8,1096,36,0
2017-11-30 16:17:04,-8.500061,51.893115,8,-103,-15,6.0,8,2203,45,0
2017-11-30 16:17:05,-8.500061,51.893115,8,-104,-15,6.0,8,2057,48,0
2017-11-30 16:17:06,-8.500061,51.893115,8,-104,-15,6.0,8,1923,41,0
2017-11-30 16:17:07,-8.500061,51.893115,8,-104,-15,8.0,8,2147,49,0
2017-11-30 16:17:09,-8.500061,51.893115,8,-104,-15,8.0,8,1668,35,0
2017-11-30 16:17:10,-8.500061,51.893115,8,-104,-15,6.0,8,1825,48,0
2017-11-30 16:17:11,-8.500061,51.893115,8,-104,-15,6.0,8,2496,120,0
2017-11-30 16:17:12,-8.500061,51.893115,8,-104,-15,6.0,8,3582,185,2
2017-11-30 16:17:13,-8.500061,51.893115,8,-104,-15,6.0,8,2501,59,0
2017-11-30 16:17:14,-8.500061,51.893115,8,-104,-15,7.0,8,2048,44,0
2017-11-30 16:17:16,-8.500061,51.893115,8,-104,-15,7.0,8,1568,54,0
2017-11-30 16:17:17,-8.500061,51.893115,8,-104,-15,7.0,8,1529,58,0
2017-11-30 16:17:18,-8.500061,51.893115,8,-104,-15,7.0,8,1052,136,0
2017-11-30 16:17:19,-8.500061,51.893115,8,-104,-16,6.0,8,2545,148,0
2017-11-30 16:17:20,-8.500061,51.893115,8,-104,-16,6.0,8,1852,55,0
2017-11-30 16:17:22,-8.500061,51.893115,8,-104,-16,6.0,8,2076,70,0
2017-11-30 16:17:23,-8.500061,51.893115,8,-104,-16,6.0,8,715,31,0
2017-11-30 16:17:24,-8.500061,51.893115,8,-104,-15,6.0,8,2010,149,0
2017-11-30 16:17:25,-8.500061,51.893115,8,-104,-15,6.0,8,2201,63,0
2017-11-30 16:17:27,-8.500061,51.893115,8,-106,-16,6.0,9,1528,32,0
2017-11-30 16:17:28,-8.500061,51.893115,8,-106,-16,6.0,9,2337,44,0
2017-11-30 16:17:29,-8.500061,51.893115,8,-104,-16,7.0,9,2214,42,0
2017-11-30 16:17:30,-8.500061,51.893115,8,-104,-16,7.0,9,1946,37,0
2017-11-30 16:17:32,-8.500061,51.893115,8,-103,-15,6.0,9,2080,39,0
2017-11-30 16:17:33,-8.500061,51.893115,8,-103,-15,6.0,9,1789,34,0
2017-11-30 16:17:34,-8.500061,51.893115,8,-104,-15,6.0,9,1901,34,0
2017-11-30 16:17:35,-8.500061,51.893115,8,-104,-15,6.0,9,1330,50,0
2017-11-30 16:17:37,-8.500061,51.893115,8,-103,-15,6.0,9,1599,46,0
2017-11-30 16:17:38,-8.500061,51.893115,8,-103,-15,6.0,9,1778,57,0
2017-11-30 16:17:39,-8.500061,51.893115,8,-104,-15,6.0,9,1800,33,0
2017-11-30 16:17:41,-8.500061,51.893115,8,-104,-15,6.0,9,2113,39,0
2017-11-30 16:17:42,-8.500061,51.893115,8,-104,-15,6.0,9,2639,52,0
2017-11-30 16:17:43,-8.500061,51.893115,8,-104,-15,6.0,9,3008,56,0
2017-11-30 16:17:44,-8.500061,51.893115,8,-104,-15,7.0,9,2639,49,0
2017-11-30 16:17:46,-8.500061,51.893115,8,-104,-15,7.0,9,2952,54,0
2017-11-30 16:17:47,-8.500061,51.893115,8,-103,-15,6.0,9,2214,64,0
2017-11-30 16:17:48,-8.500061,51.893115,8,-103,-15,6.0,9,2807,54,0
2017-11-30 16:17:49,-8.500061,51.893115,8,-104,-15,6.0,9,2684,49,0
2017-11-30 16:17:51,-8.500061,51.893115,8,-104,-15,6.0,9,3198,105,0
2017-11-30 16:17:52,-8.500061,51.893115,8,-103,-16,6.0,9,2069,39,0
2017-11-30 16:17:53,-8.500061,51.893115,8,-103,-16,6.0,9,3053,60,0
2017-11-30 16:17:54,-8.500061,51.893115,8,-103,-15,6.0,9,2751,51,0
2017-11-30 16:17:56,-8.500061,51.893115,8,-103,-15,6.0,9,1699,32,0
2017-11-30 16:17:57,-8.500061,51.893115,8,-104,-15,6.0,9,2080,39,0
2017-11-30 16:17:58,-8.500061,51.893115,8,-104,-15,6.0,9,2426,45,0
2017-11-30 16:18:00,-8.500061,51.893115,8,-104,-15,6.0,9,1923,36,0
2017-11-30 16:18:01,-8.500061,51.893115,8,-104,-15,6.0,9,2471,49,0
2017-11-30 16:18:02,-8.500061,51.893115,8,-104,-16,6.0,9,2840,53,0
2017-11-30 16:18:03,-8.500061,51.893115,8,-104,-16,6.0,9,2572,48,0
2017-11-30 16:18:05,-8.500061,51.893115,8,-104,-15,6.0,9,1543,71,0
2017-11-30 16:18:06,-8.500061,51.893115,8,-104,-15,6.0,9,2147,101,0
2017-11-30 16:18:07,-8.500061,51.893115,8,-105,-15,6.0,9,2415,62,0
2017-11-30 16:18:08,-8.500061,51.893115,8,-105,-15,6.0,9,2807,52,0
2017-11-30 16:18:09,-8.500061,51.893115,8,-105,-16,5.0,9,3243,60,0
2017-11-30 16:18:11,-8.500061,51.893115,8,-105,-16,5.0,9,3668,68,0
2017-11-30 16:18:12,-8.500061,51.893115,8,-104,-16,5.0,9,2740,51,0
2017-11-30 16:18:13,-8.500061,51.893115,8,-104,-16,5.0,9,3142,58,0
2017-11-30 16:18:15,-8.500061,51.893115,8,-104,-16,5.0,9,2315,43,0
2017-11-30 16:18:16,-8.500061,51.893115,8,-104,-16,5.0,9,2080,38,0
2017-11-30 16:18:17,-8.500061,51.893115,8,-104,-16,6.0,9,1621,78,0
2017-11-30 16:18:18,-8.500061,51.893115,8,-104,-16,6.0,9,1800,76,0
2017-11-30 16:18:20,-8.500061,51.893115,8,-104,-16,7.0,9,2516,47,0
2017-11-30 16:18:21,-8.500061,51.893115,8,-104,-16,7.0,9,3735,69,0
2017-11-30 16:18:22,-8.500061,51.893115,8,-104,-16,8.0,9,1778,67,0
2017-11-30 16:18:23,-8.500061,51.893115,8,-104,-16,8.0,9,2337,42,0
2017-11-30 16:18:25,-8.500061,51.893115,8,-104,-16,6.0,9,928,32,0
2017-11-30 16:18:26,-8.500061,51.893115,8,-104,-16,6.0,9,2840,52,0
2017-11-30 16:18:27,-8.500061,51.893115,8,-104,-15,6.0,9,2180,60,0
2017-11-30 16:18:28,-8.500061,51.893115,8,-104,-15,6.0,9,3042,56,0
2017-11-30 16:18:30,-8.500061,51.893115,8,-104,-15,6.0,9,1890,36,0
2017-11-30 16:18:31,-8.500061,51.893115,8,-104,-15,6.0,9,2315,44,0
2017-11-30 16:18:32,-8.500061,51.893115,8,-104,-15,6.0,9,2315,44,0
2017-11-30 16:18:33,-8.500061,51.893115,8,-104,-15,6.0,9,2974,54,0
2017-11-30 16:18:35,-8.500061,51.893115,8,-104,-16,6.0,9,682,19,0
2017-11-30 16:18:36,-8.500061,51.893115,8,-104,-16,6.0,9,2303,43,0
2017-11-30 16:18:37,-8.500061,51.893115,8,-104,-15,6.0,9,1252,51,0
2017-11-30 16:18:38,-8.500061,51.893115,8,-104,-15,6.0,9,2426,59,0
2017-11-30 16:18:40,-8.500061,51.893115,8,-104,-15,6.0,9,4428,82,0
2017-11-30 16:18:41,-8.500061,51.893115,8,-104,-15,6.0,9,3075,57,0
2017-11-30 16:18:42,-8.500061,51.893115,8,-104,-15,6.0,9,2549,94,0
2017-11-30 16:18:44,-8.500061,51.893115,8,-104,-15,6.0,9,2482,47,0
2017-11-30 16:18:45,-8.500061,51.893115,8,-104,-15,6.0,9,1912,35,0
2017-11-30 16:18:46,-8.500061,51.893115,8,-104,-15,6.0,9,3310,61,0
2017-11-30 16:18:47,-8.500061,51.893115,8,-104,-15,6.0,9,3030,56,0
2017-11-30 16:18:48,-8.500061,51.893115,8,-104,-15,6.0,9,1878,49,0
2017-11-30 16:18:50,-8.500061,51.893115,8,-104,-15,7.0,9,2169,60,0
2017-11-30 16:18:51,-8.500061,51.893115,8,-104,-15,7.0,9,1511,57,0
2017-11-30 16:18:52,-8.500061,51.893115,8,-103,-15,7.0,9,2348,43,0
2017-11-30 16:18:53,-8.500061,51.893115,8,-103,-15,7.0,9,1979,60,0
2017-11-30 16:18:55,-8.500061,51.893115,8,-104,-15,7.0,9,1599,33,0
2017-11-30 16:18:56,-8.500061,51.893115,8,-104,-15,7.0,9,1040,19,0
2017-11-30 16:18:57,-8.500061,51.893115,8,-103,-15,7.0,9,1979,37,0
2017-11-30 16:18:58,-8.500061,51.893115,8,-103,-15,7.0,9,2113,39,0
2017-11-30 16:18:59,-8.500061,51.893115,8,-104,-15,6.0,9,1778,32,0
2017-11-30 16:19:00,-8.500061,51.893115,8,-104,-15,6.0,9,2147,40,0
2017-11-30 16:19:02,-8.500061,51.893115,8,-104,-15,7.0,9,3735,70,0
2017-11-30 16:19:03,-8.500061,51.893115,8,-104,-15,7.0,9,2874,52,0
2017-11-30 16:19:04,-8.500061,51.893115,8,-103,-15,7.0,9,3209,63,0
2017-11-30 16:19:05,-8.500061,51.893115,8,-103,-15,7.0,9,2203,109,0
2017-11-30 16:19:07,-8.500061,51.893115,8,-103,-15,7.0,9,1487,27,0
2017-11-30 16:19:08,-8.500061,51.893115,8,-103,-15,7.0,9,2773,78,0
2017-11-30 16:19:09,-8.500061,51.893115,8,-104,-15,7.0,9,2471,46,0
2017-11-30 16:19:10,-8.500061,51.893115,8,-104,-15,7.0,9,1901,77,0
2017-11-30 16:19:12,-8.500061,51.893115,8,-103,-16,7.0,9,2438,46,0
2017-11-30 16:19:13,-8.500061,51.893115,8,-103,-16,7.0,9,2382,44,0
2017-11-30 16:19:14,-8.500061,51.893115,8,-104,-16,7.0,9,1834,40,0
2017-11-30 16:19:15,-8.500061,51.893115,8,-104,-16,7.0,9,3097,83,0
2017-11-30 16:19:16,-8.500061,51.893115,8,-104,-16,7.0,9,3590,66,0
2017-11-30 16:19:18,-8.500061,51.893115,8,-104,-16,7.0,9,2628,49,0
2017-11-30 16:19:19,-8.500061,51.893115,8,-104,-16,7.0,9,3847,112,0
2017-11-30 16:19:20,-8.500061,51.893115,8,-104,-16,7.0,9,3187,71,0
2017-11-30 16:19:21,-8.500061,51.893115,8,-104,-16,7.0,9,3478,64,0
2017-11-30 16:19:23,-8.500061,51.893115,8,-104,-16,7.0,9,5043,94,0
2017-11-30 16:19:24,-8.500061,51.893115,8,-104,-15,6.0,9,4909,124,2
2017-11-30 16:19:25,-8.500061,51.893115,8,-104,-15,6.0,9,5256,122,2
2017-11-30 16:19:26,-8.500061,51.893115,8,-104,-15,7.0,9,5021,91,2
2017-11-30 16:19:27,-8.500061,51.893115,8,-104,-15,7.0,9,3578,65,0
2017-11-30 16:19:29,-8.500061,51.893115,8,-104,-15,6.0,9,3053,78,0
2017-11-30 16:19:30,-8.500061,51.893115,8,-104,-15,6.0,9,2091,42,0
2017-11-30 16:19:31,-8.500061,51.893115,8,-104,-15,7.0,9,2672,50,0
2017-11-30 16:19:32,-8.500061,51.893115,8,-104,-15,7.0,9,3109,80,0
2017-11-30 16:19:33,-8.500061,51.893115,8,-104,-16,6.0,9,2382,44,0
2017-11-30 16:19:35,-8.500061,51.893115,8,-104,-16,6.0,9,2572,48,0
2017-11-30 16:19:36,-8.500061,51.893115,8,-104,-16,6.0,9,2426,44,0
2017-11-30 16:19:37,-8.500061,51.893115,8,-104,-16,6.0,9,2706,50,0
2017-11-30 16:19:38,-8.500061,51.893115,8,-104,-15,6.0,9,5066,93,2
2017-11-30 16:19:40,-8.500061,51.893115,8,-104,-15,6.0,9,2348,44,0
2017-11-30 16:19:41,-8.500061,51.893115,8,-103,-16,7.0,9,2617,49,0
2017-11-30 16:19:42,-8.500061,51.893115,8,-103,-16,7.0,9,2113,77,0
2017-11-30 16:19:44,-8.500061,51.893115,8,-103,-16,7.0,9,816,14,0
2017-11-30 16:19:45,-8.500061,51.893115,8,-103,-16,7.0,9,2046,66,0
2017-11-30 16:19:46,-8.500061,51.893115,8,-105,-15,6.0,9,1588,30,0
2017-11-30 16:19:47,-8.500061,51.893115,8,-105,-15,6.0,8,1197,58,0
2017-11-30 16:19:48,-8.500061,51.893115,8,-106,-16,6.0,9,1588,52,0
2017-11-30 16:19:50,-8.500061,51.893115,8,-106,-16,6.0,9,2126,40,0
2017-11-30 16:19:51,-8.500061,51.893115,8,-104,-15,6.0,9,1319,24,0
2017-11-30 16:19:52,-8.500061,51.893115,8,-104,-15,6.0,9,2259,42,0
2017-11-30 16:19:53,-8.500061,51.893115,8,-104,-15,7.0,9,1789,34,0
2017-11-30 16:19:54,-8.500061,51.893115,8,-104,-15,7.0,9,1935,40,0
2017-11-30 16:19:56,-8.500061,51.893115,8,-104,-15,6.0,9,167,4,0
2017-11-30 16:19:57,-8.500061,51.893115,8,-104,-15,6.0,9,2359,62,0
2017-11-30 16:19:58,-8.500061,51.893115,8,-103,-16,7.0,9,883,17,0
2017-11-30 16:19:59,-8.500061,51.893115,8,-103,-16,7.0,9,1252,35,0
2017-11-30 16:20:01,-8.500061,51.893115,8,-103,-16,8.0,9,2001,37,0
2017-11-30 16:20:02,-8.500061,51.893115,8,-103,-16,8.0,9,1890,58,0
2017-11-30 16:20:03,-8.500061,51.893115,8,-104,-15,8.0,9,1722,33,0
2017-11-30 16:20:04,-8.500061,51.893115,8,-104,-15,8.0,9,1722,32,0
2017-11-30 16:20:05,-8.500061,51.893115,8,-104,-15,7.0,9,1723,36,0
2017-11-30 16:20:07,-8.500061,51.893115,8,-104,-15,7.0,9,1398,29,0
2017-11-30 16:20:08,-8.500061,51.893115,8,-104,-16,7.0,9,1576,29,0
2017-11-30 16:20:09,-8.500061,51.893115,8,-104,-16,7.0,9,2136,40,0
2017-11-30 16:20:10,-8.500061,51.893115,8,-103,-16,7.0,9,3046,69,0
2017-11-30 16:20:12,-8.500061,51.893115,8,-103,-16,7.0,9,1714,43,0
2017-11-30 16:20:13,-8.500061,51.893115,8,-103,-16,7.0,9,2439,103,0
2017-11-30 16:20:14,-8.500061,51.893115,8,-103,-16,7.0,9,1655,34,0
2017-11-30 16:20:15,-8.500061,51.893115,8,-103,-16,7.0,9,1207,57,0
2017-11-30 16:20:17,-8.500061,51.893115,8,-103,-16,7.0,9,3645,72,0
2017-11-30 16:20:18,-8.500061,51.893115,8,-104,-16,7.0,9,2247,42,0
2017-11-30 16:20:19,-8.500061,51.893115,8,-104,-16,7.0,9,2057,68,0
2017-11-30 16:20:20,-8.500061,51.893115,8,-104,-16,6.0,9,805,27,0
2017-11-30 16:20:22,-8.500061,51.893115,8,-104,-16,6.0,9,1599,36,0
2017-11-30 16:20:23,-8.500061,51.893115,8,-103,-16,7.0,9,2035,41,0
2017-11-30 16:20:24,-8.500061,51.893115,8,-103,-16,7.0,9,1811,55,0
2017-11-30 16:20:26,-8.500061,51.893115,8,-103,-16,7.0,9,1576,30,0
2017-11-30 16:20:27,-8.500061,51.893115,8,-103,-16,7.0,9,2092,40,0
2017-11-30 16:20:28,-8.500061,51.893115,8,-104,-16,7.0,9,2001,37,0
2017-11-30 16:20:29,-8.500061,51.893115,8,-104,-16,7.0,9,2482,46,0
2017-11-30 16:20:30,-8.500061,51.893115,8,-105,-16,7.0,9,3299,87,0
2017-11-30 16:20:32,-8.500061,51.893115,8,-105,-16,7.0,9,1599,29,0
2017-11-30 16:20:33,-8.500061,51.893115,8,-104,-15,7.0,9,1453,28,0
2017-11-30 16:20:34,-8.500061,51.893115,8,-104,-15,7.0,9,2348,43,0
2017-11-30 16:20:36,-8.500061,51.893115,8,-104,-16,7.0,9,2315,46,0
2017-11-30 16:20:37,-8.500061,51.893115,8,-104,-16,7.0,9,3142,60,0
2017-11-30 16:20:38,-8.500061,51.893115,8,-104,-15,7.0,9,2169,41,0
2017-11-30 16:20:39,-8.500061,51.893115,8,-104,-15,7.0,9,2371,44,0
2017-11-30 16:20:40,-8.500061,51.893115,8,-103,-15,8.0,9,2717,50,0
2017-11-30 16:20:42,-8.500061,51.893115,8,-103,-15,8.0,9,2359,89,0
2017-11-30 16:20:43,-8.500061,51.893115,8,-104,-16,7.0,9,2482,46,0
2017-11-30 16:20:44,-8.500061,51.893115,8,-104,-16,7.0,9,2863,138,0
2017-11-30 16:20:46,-8.500061,51.893115,8,-104,-16,7.0,9,1901,87,0
2017-11-30 16:20:47,-8.500061,51.893115,8,-104,-16,7.0,9,2203,83,0
2017-11-30 16:20:48,-8.500061,51.893115,8,-104,-16,6.0,9,2337,67,0
2017-11-30 16:20:49,-8.500061,51.893115,8,-104,-16,6.0,9,2124,37,0
2017-11-30 16:20:51,-8.500061,51.893115,8,-104,-16,8.0,9,1800,69,0
2017-11-30 16:20:52,-8.500061,51.893115,8,-104,-16,8.0,9,2382,44,0
2017-11-30 16:20:53,-8.500061,51.893115,8,-104,-16,6.0,9,1364,37,0
2017-11-30 16:20:54,-8.500061,51.893115,8,-104,-16,6.0,9,4630,85,0
2017-11-30 16:20:56,-8.500061,51.893115,8,-104,-16,5.0,9,2147,40,0
2017-11-30 16:20:57,-8.500061,51.893115,8,-104,-16,5.0,9,2069,38,0
2017-11-30 16:20:58,-8.500061,51.893115,8,-104,-15,4.0,9,1722,60,0
2017-11-30 16:21:00,-8.500061,51.893115,8,-104,-15,4.0,9,1755,33,0
2017-11-30 16:21:01,-8.500061,51.893115,8,-104,-15,4.0,9,2572,48,0
2017-11-30 16:21:02,-8.500061,51.893115,8,-104,-15,4.0,9,3008,84,0
2017-11-30 16:21:03,-8.500061,51.893115,8,-105,-15,4.0,9,1811,33,0
2017-11-30 16:21:04,-8.500061,51.893115,8,-105,-15,4.0,9,2013,37,0
2017-11-30 16:21:06,-8.500061,51.893115,8,-105,-16,4.0,9,2863,52,0
2017-11-30 16:21:07,-8.500061,51.893115,8,-105,-16,4.0,9,1934,39,0
2017-11-30 16:21:08,-8.500061,51.893115,8,-104,-16,4.0,9,2605,48,0
2017-11-30 16:21:09,-8.500061,51.893115,8,-104,-16,4.0,9,2404,44,0
2017-11-30 16:21:10,-8.500061,51.893115,8,-104,-16,4.0,9,2326,42,0
2017-11-30 16:21:12,-8.500061,51.893115,8,-104,-16,4.0,9,2394,87,0
2017-11-30 16:21:13,-8.500061,51.893115,8,-104,-16,5.0,9,2057,37,0
2017-11-30 16:21:14,-8.500061,51.893115,8,-104,-16,5.0,9,1767,33,0
2017-11-30 16:21:15,-8.500061,51.893115,8,-104,-16,5.0,9,2348,44,0
2017-11-30 16:21:17,-8.500061,51.893115,8,-104,-16,5.0,9,1107,38,0
2017-11-30 16:21:18,-8.500061,51.893115,8,-104,-16,5.0,9,929,39,0
2017-11-30 16:21:19,-8.500061,51.893115,8,-104,-16,5.0,9,1140,44,0
2017-11-30 16:21:20,-8.500061,51.893115,8,-104,-16,4.0,9,1386,25,0
2017-11-30 16:21:22,-8.500061,51.893115,8,-104,-16,4.0,9,2192,40,0
2017-11-30 16:21:23,-8.500061,51.893115,8,-104,-16,5.0,9,1767,33,0
2017-11-30 16:21:24,-8.500061,51.893115,8,-104,-16,5.0,9,1521,48,0
2017-11-30 16:21:25,-8.500061,51.893115,8,-104,-16,5.0,9,1230,23,0
2017-11-30 16:21:27,-8.500061,51.893115,8,-104,-16,5.0,9,2572,48,0
2017-11-30 16:21:28,-8.500061,51.893115,8,-104,-16,5.0,9,3131,61,0
2017-11-30 16:21:29,-8.500061,51.893115,8,-104,-16,5.0,9,1521,29,0
2017-11-30 16:21:30,-8.500061,51.893115,8,-104,-16,5.0,9,1465,50,0
2017-11-30 16:21:32,-8.500061,51.893115,8,-104,-16,5.0,9,1745,32,0
2017-11-30 16:21:33,-8.500061,51.893115,8,-104,-16,5.0,9,2216,65,0
2017-11-30 16:21:34,-8.500061,51.893115,8,-104,-16,5.0,9,2538,47,0
2017-11-30 16:21:35,-8.500061,51.893115,8,-104,-16,4.0,9,2583,48,0
2017-11-30 16:21:36,-8.500061,51.893115,8,-104,-16,4.0,9,2170,40,0
2017-11-30 16:21:38,-8.500061,51.893115,8,-104,-16,5.0,9,1386,26,0
2017-11-30 16:21:39,-8.500061,51.893115,8,-104,-16,5.0,9,1845,34,0
2017-11-30 16:21:40,-8.500061,51.893115,8,-104,-16,5.0,9,1442,27,0
2017-11-30 16:21:41,-8.500061,51.893115,8,-104,-16,5.0,9,1811,33,0
2017-11-30 16:21:43,-8.500061,51.893115,8,-104,-16,4.0,9,1297,58,0
2017-11-30 16:21:44,-8.500061,51.893115,8,-104,-16,4.0,9,1878,35,0
2017-11-30 16:21:45,-8.500061,51.893115,8,-104,-16,4.0,9,1621,67,0
2017-11-30 16:21:46,-8.500061,51.893115,8,-104,-16,4.0,9,1386,54,0
2017-11-30 16:21:48,-8.500061,51.893115,8,-103,-16,5.0,9,1410,27,0
2017-11-30 16:21:49,-8.500061,51.893115,8,-103,-16,5.0,9,1722,32,0
2017-11-30 16:21:50,-8.500061,51.893115,8,-104,-16,6.0,9,2001,37,0
2017-11-30 16:21:51,-8.500061,51.893115,8,-104,-16,6.0,9,2169,39,0
2017-11-30 16:21:53,-8.500061,51.893115,8,-104,-16,7.0,9,1677,31,0
2017-11-30 16:21:54,-8.500061,51.893115,8,-104,-16,7.0,9,1297,28,0
2017-11-30 16:21:55,-8.500061,51.893115,8,-104,-16,7.0,9,1543,29,0
2017-11-30 16:21:56,-8.500061,51.893115,8,-104,-16,7.0,9,1498,64,0
2017-11-30 16:21:58,-8.500061,51.893115,8,-104,-16,6.0,9,1308,29,0
2017-11-30 16:21:59,-8.500061,51.893115,8,-104,-16,6.0,9,3824,92,0
2017-11-30 16:22:00,-8.500061,51.893115,8,-105,-15,6.0,9,973,25,0
2017-11-30 16:22:01,-8.500061,51.893115,8,-105,-15,6.0,9,1319,32,0
2017-11-30 16:22:02,-8.500061,51.893115,8,-104,-16,6.0,9,1197,23,0
2017-11-30 16:22:04,-8.500061,51.893115,8,-104,-16,6.0,9,838,16,0
2017-11-30 16:22:05,-8.500061,51.893115,8,-104,-16,6.0,9,894,34,0
2017-11-30 16:22:06,-8.500061,51.893115,8,-104,-16,6.0,9,805,19,0
2017-11-30 16:22:07,-8.500061,51.893115,8,-104,-16,7.0,9,1062,39,0
2017-11-30 16:22:08,-8.500061,51.893115,8,-104,-16,7.0,9,1253,43,0
2017-11-30 16:22:10,-8.500061,51.893115,8,-104,-16,5.0,9,1386,43,0
2017-11-30 16:22:11,-8.500061,51.893115,8,-104,-16,5.0,9,1174,40,0
2017-11-30 16:22:12,-8.500061,51.893115,8,-104,-16,6.0,9,1511,29,0
2017-11-30 16:22:14,-8.500061,51.893115,8,-104,-16,6.0,9,984,30,0
2017-11-30 16:22:15,-8.500061,51.893115,8,-104,-16,6.0,9,973,19,0
2017-11-30 16:22:16,-8.500061,51.893115,8,-104,-16,6.0,9,1263,24,0
2017-11-30 16:22:17,-8.500061,51.893115,8,-104,-16,6.0,9,1431,29,0
2017-11-30 16:22:19,-8.500061,51.893115,8,-104,-16,6.0,9,2069,39,0
2017-11-30 16:22:20,-8.500061,51.893115,8,-104,-16,5.0,9,1353,25,0
2017-11-30 16:22:21,-8.500061,51.893115,8,-104,-16,5.0,9,1699,52,0
2017-11-30 16:22:22,-8.500061,51.893115,8,-104,-16,5.0,9,1241,47,0
2017-11-30 16:22:24,-8.500061,51.893115,8,-104,-16,5.0,9,1644,31,0
2017-11-30 16:22:25,-8.500061,51.893115,8,-104,-16,5.0,9,1409,26,0
2017-11-30 16:22:26,-8.500061,51.893115,8,-104,-16,5.0,9,2080,40,0
2017-11-30 16:22:28,-8.500061,51.893115,8,-104,-16,6.0,9,2751,50,0
2017-11-30 16:22:29,-8.500061,51.893115,8,-104,-16,6.0,9,995,19,0
2017-11-30 16:22:30,-8.500061,51.893115,8,-104,-15,7.0,9,1453,27,0
2017-11-30 16:22:31,-8.500061,51.893115,8,-104,-15,7.0,9,1890,50,0
2017-11-30 16:22:33,-8.500061,51.893115,8,-104,-16,7.0,9,1118,53,0
2017-11-30 16:22:34,-8.500061,51.893115,8,-104,-16,7.0,9,1096,47,0
2017-11-30 16:22:35,-8.500061,51.893115,8,-104,-16,7.0,9,1554,29,0
2017-11-30 16:22:36,-8.500061,51.893115,8,-104,-16,7.0,9,1599,29,0
2017-11-30 16:22:38,-8.500061,51.893115,8,-104,-15,7.0,9,2247,42,0
2017-11-30 16:22:39,-8.500061,51.893115,8,-104,-15,7.0,9,2046,38,0
2017-11-30 16:22:40,-8.500061,51.893115,8,-104,-16,7.0,9,1543,32,0
2017-11-30 16:22:41,-8.500061,51.893115,8,-104,-16,7.0,9,1274,40,0
2017-11-30 16:22:43,-8.500061,51.893115,8,-104,-16,5.0,9,1498,39,0
2017-11-30 16:22:44,-8.500061,51.893115,8,-104,-16,5.0,9,1733,32,0
2017-11-30 16:22:45,-8.500061,51.893115,8,-104,-16,5.0,9,1207,56,0
2017-11-30 16:22:46,-8.500061,51.893115,8,-104,-16,5.0,9,1096,51,0
2017-11-30 16:22:48,-8.500061,51.893115,8,-104,-16,5.0,9,1398,52,0
2017-11-30 16:22:49,-8.500061,51.893115,8,-104,-16,5.0,9,1565,57,0
2017-11-30 16:22:50,-8.500061,51.893115,8,-104,-16,6.0,9,1386,25,0
2017-11-30 16:22:51,-8.500061,51.893115,8,-104,-16,6.0,9,1431,29,0
2017-11-30 16:22:53,-8.500061,51.893115,8,-104,-16,6.0,9,1375,50,0
2017-11-30 16:22:54,-8.500061,51.893115,8,-104,-16,6.0,9,1241,44,0
2017-11-30 16:22:55,-8.500061,51.893115,8,-104,-16,5.0,9,559,11,0
2017-11-30 16:22:56,-8.500061,51.893115,8,-104,-16,5.0,9,1062,20,0
2017-11-30 16:22:58,-8.500061,51.893115,8,-104,-16,5.0,9,995,22,0
2017-11-30 16:22:59,-8.500061,51.893115,8,-104,-16,5.0,9,1241,40,0
2017-11-30 16:23:00,-8.500061,51.893115,8,-104,-16,6.0,9,1297,24,0
2017-11-30 16:23:01,-8.500061,51.893115,8,-104,-16,6.0,9,2404,45,0
2017-11-30 16:23:02,-8.500061,51.893115,8,-104,-16,6.0,9,1040,37,0
2017-11-30 16:23:04,-8.500061,51.893115,8,-104,-16,6.0,9,849,16,0
2017-11-30 16:23:05,-8.500061,51.893115,8,-104,-16,6.0,9,1342,25,0
2017-11-30 16:23:06,-8.500061,51.893115,8,-104,-16,6.0,9,1431,26,0
2017-11-30 16:23:07,-8.500061,51.893115,8,-104,-15,6.0,9,1308,27,0
2017-11-30 16:23:09,-8.500061,51.893115,8,-104,-15,6.0,9,1353,25,0
2017-11-30 16:23:10,-8.500061,51.893115,8,-104,-15,6.0,9,1565,29,0
2017-11-30 16:23:11,-8.500061,51.893115,8,-104,-15,6.0,9,1498,28,0
2017-11-30 16:23:12,-8.500061,51.893115,8,-104,-15,7.0,9,1129,51,0
2017-11-30 16:23:13,-8.500061,51.893115,8,-104,-15,7.0,9,2225,41,0
2017-11-30 16:23:15,-8.500061,51.893115,8,-104,-15,8.0,9,1576,28,0
2017-11-30 16:23:16,-8.500061,51.893115,8,-104,-15,8.0,9,1957,58,0
2017-11-30 16:23:17,-8.500061,51.893115,8,-105,-15,7.0,9,1129,51,0
2017-11-30 16:23:19,-8.500061,51.893115,8,-105,-15,7.0,9,1174,25,0
2017-11-30 16:23:20,-8.500061,51.893115,8,-104,-16,4.0,9,648,13,0
2017-11-30 16:23:21,-8.500061,51.893115,8,-104,-16,4.0,8,1398,38,0
2017-11-30 16:23:22,-8.500061,51.893115,8,-106,-16,6.0,9,1398,47,0
2017-11-30 16:23:23,-8.500061,51.893115,8,-106,-16,6.0,9,1498,28,0
2017-11-30 16:23:25,-8.500061,51.893115,8,-104,-16,6.0,9,1330,24,0
2017-11-30 16:23:26,-8.500061,51.893115,8,-104,-16,6.0,9,1353,26,0
2017-11-30 16:23:27,-8.500061,51.893115,8,-103,-16,7.0,9,1588,31,0
2017-11-30 16:23:29,-8.500061,51.893115,8,-103,-16,7.0,9,950,29,0
2017-11-30 16:23:30,-8.500061,51.893115,8,-103,-16,7.0,9,1118,26,0
2017-11-30 16:23:31,-8.500061,51.893115,8,-103,-16,7.0,9,1386,26,0
2017-11-30 16:23:32,-8.500061,51.893115,8,-105,-15,6.0,9,1196,22,0
2017-11-30 16:23:34,-8.500061,51.893115,8,-105,-15,6.0,9,1207,23,0
2017-11-30 16:23:35,-8.500061,51.893115,8,-105,-15,6.0,9,782,14,0
2017-11-30 16:23:36,-8.500061,51.893115,8,-105,-15,6.0,9,1409,57,0
2017-11-30 16:23:37,-8.500061,51.893115,8,-104,-15,5.0,9,1286,24,0
2017-11-30 16:23:39,-8.500061,51.893115,8,-104,-15,5.0,9,1040,24,0
2017-11-30 16:23:40,-8.500061,51.893115,8,-104,-15,6.0,9,1532,28,0
2017-11-30 16:23:41,-8.500061,51.893115,8,-104,-15,6.0,9,1521,28,0
2017-11-30 16:23:43,-8.500061,51.893115,8,-104,-16,6.0,9,1353,28,0
2017-11-30 16:23:44,-8.500061,51.893115,8,-104,-16,6.0,9,861,19,0
2017-11-30 16:23:45,-8.500061,51.893115,8,-104,-16,5.0,9,1286,56,0
2017-11-30 16:23:46,-8.500061,51.893115,8,-104,-16,5.0,9,1330,50,0
2017-11-30 16:23:48,-8.500061,51.893115,8,-104,-16,4.0,11,67,1,0
2017-11-30 16:23:49,-8.500061,51.893115,8,-104,-16,4.0,11,2471,63,0
2017-11-30 16:23:50,-8.500061,51.893115,8,-105,-14,5.0,11,1421,27,0
2017-11-30 16:23:51,-8.500061,51.893115,8,-105,-14,5.0,10,1174,22,0
2017-11-30 16:23:52,-8.500061,51.893115,8,-103,-16,4.0,9,1867,35,0
2017-11-30 16:23:53,-8.500061,51.893115,8,-103,-16,4.0,7,2102,39,0
2017-11-30 16:23:54,-8.500061,51.893115,8,-104,-14,2.0,12,1207,40,2
2017-11-30 16:23:55,-8.500061,51.893115,8,-104,-14,2.0,7,849,16,0
2017-11-30 16:23:57,-8.500061,51.893115,8,-103,-15,4.0,7,1274,23,0
2017-11-30 16:23:58,-8.500061,51.893115,8,-103,-15,4.0,11,749,17,0
2017-11-30 16:23:59,-8.500061,51.893115,8,-106,-14,5.0,11,3713,107,2
2017-11-30 16:24:00,-8.500061,51.893115,8,-106,-14,5.0,11,1610,30,2
2017-11-30 16:24:02,-8.500061,51.893115,8,-105,-16,6.0,11,1040,35,0
2017-11-30 16:24:03,-8.500061,51.893115,8,-105,-16,6.0,11,436,10,0
2017-11-30 16:24:04,-8.500061,51.893115,8,-107,-16,1.0,8,1692,85,0
2017-11-30 16:24:05,-8.500061,51.893115,8,-107,-16,1.0,7,1290,56,0
2017-11-30 16:24:07,-8.500061,51.893115,8,-104,-15,3.0,7,3969,89,0
2017-11-30 16:24:08,-8.500061,51.893115,8,-104,-15,3.0,7,2784,58,0
2017-11-30 16:24:09,-8.500061,51.893115,8,-104,-16,6.0,7,2011,38,0
2017-11-30 16:24:10,-8.500061,51.893115,8,-104,-16,6.0,11,2140,43,0
2017-11-30 16:24:11,-8.500061,51.893115,8,-106,-16,4.0,11,2221,45,0
2017-11-30 16:24:12,-8.500061,51.893115,8,-106,-16,4.0,7,2138,41,0
2017-11-30 16:24:13,-8.500061,51.893115,8,-104,-15,4.0,8,2415,43,0
2017-11-30 16:24:15,-8.500061,51.893115,8,-104,-15,4.0,8,2672,50,0
2017-11-30 16:24:16,-8.500061,51.893115,8,-103,-15,4.0,8,3970,73,0
2017-11-30 16:24:17,-8.500061,51.893115,8,-103,-15,4.0,11,4742,177,2
2017-11-30 16:24:18,-8.500061,51.893115,8,-102,-14,6.0,11,3757,130,2
2017-11-30 16:24:19,-8.500061,51.893115,8,-102,-14,6.0,11,3008,56,2
2017-11-30 16:24:20,-8.500061,51.893115,8,-102,-13,7.0,11,3310,61,2
2017-11-30 16:24:22,-8.500061,51.893115,8,-102,-13,7.0,11,3030,56,2
2017-11-30 16:24:23,-8.500061,51.893115,8,-102,-14,8.0,11,3243,111,2
2017-11-30 16:24:24,-8.500061,51.893115,8,-102,-14,8.0,11,3254,60,2
2017-11-30 16:24:25,-8.500061,51.893115,8,-102,-15,8.0,11,3657,67,2
2017-11-30 16:24:26,-8.500061,51.893115,8,-102,-15,8.0,11,4350,79,2
2017-11-30 16:24:28,-8.500061,51.893115,8,-102,-15,8.0,11,5357,101,2
2017-11-30 16:24:29,-8.500061,51.893115,8,-102,-15,8.0,11,6352,156,2
2017-11-30 16:24:30,-8.500061,51.893115,8,-102,-14,8.0,11,3511,68,2
2017-11-30 16:24:31,-8.500061,51.893115,8,-102,-14,8.0,11,4618,84,2
2017-11-30 16:24:32,-8.500061,51.893115,8,-102,-15,8.0,11,4999,93,2
2017-11-30 16:24:33,-8.500061,51.893115,8,-102,-15,8.0,11,4663,86,2
2017-11-30 16:24:35,-8.500061,51.893115,8,-102,-15,8.0,11,5111,94,2
2017-11-30 16:24:36,-8.500061,51.893115,8,-102,-15,8.0,11,3209,59,2
2017-11-30 16:24:37,-8.500061,51.893115,8,-102,-14,7.0,11,5413,97,2
2017-11-30 16:24:38,-8.500061,51.893115,8,-102,-14,7.0,11,2997,55,2
2017-11-30 16:24:39,-8.500061,51.893115,8,-102,-15,7.0,11,6833,121,2
2017-11-30 16:24:41,-8.500061,51.893115,8,-102,-15,7.0,11,6352,119,2
2017-11-30 16:24:42,-8.500061,51.893115,8,-102,-15,7.0,11,4842,188,2
2017-11-30 16:24:43,-8.500061,51.893115,8,-102,-15,7.0,11,5222,90,2
2017-11-30 16:24:44,-8.500061,51.893115,8,-102,-14,7.0,11,2851,52,2
2017-11-30 16:24:45,-8.500061,51.893115,8,-102,-14,7.0,11,3769,184,2
2017-11-30 16:24:46,-8.500061,51.893115,8,-102,-15,6.0,11,2404,124,2
2017-11-30 16:24:48,-8.500061,51.893115,8,-102,-15,6.0,11,3097,126,2
2017-11-30 16:24:49,-8.500061,51.893115,8,-102,-15,6.0,11,3388,82,2
2017-11-30 16:24:50,-8.500061,51.893115,8,-102,-15,6.0,11,4406,81,2
2017-11-30 16:24:51,-8.500061,51.893115,8,-102,-15,6.0,11,3892,72,2
2017-11-30 16:24:52,-8.500061,51.893115,8,-102,-15,6.0,11,2024,38,2
2017-11-30 16:24:53,-8.500061,51.893115,8,-102,-15,6.0,11,3467,64,2
2017-11-30 16:24:55,-8.500061,51.893115,8,-102,-15,6.0,11,5480,97,2
2017-11-30 16:24:56,-8.500061,51.893115,8,-102,-15,7.0,11,4585,83,2
2017-11-30 16:24:57,-8.500061,51.893115,8,-102,-15,7.0,11,5468,96,2
2017-11-30 16:24:58,-8.500061,51.893115,8,-102,-15,7.0,11,5524,174,2
2017-11-30 16:24:59,-8.500061,51.893115,8,-102,-15,7.0,11,5782,104,2
2017-11-30 16:25:00,-8.500061,51.893115,8,-102,-15,7.0,11,6822,116,2
2017-11-30 16:25:02,-8.500061,51.893115,8,-102,-15,7.0,11,3724,135,2
2017-11-30 16:25:03,-8.500061,51.893115,8,-101,-15,7.0,11,4249,74,2
2017-11-30 16:25:04,-8.500061,51.893115,8,-101,-15,7.0,11,4182,76,2
2017-11-30 16:25:05,-8.500061,51.893115,8,-101,-15,7.0,11,4674,85,2
2017-11-30 16:25:06,-8.500061,51.893115,8,-101,-15,7.0,11,4663,86,2
2017-11-30 16:25:08,-8.500061,51.893115,8,-102,-15,7.0,11,4395,81,2
2017-11-30 16:25:09,-8.500061,51.893115,8,-102,-15,7.0,11,3030,114,2
2017-11-30 16:25:10,-8.500061,51.893115,8,-102,-15,7.0,11,4026,74,2
2017-11-30 16:25:11,-8.500061,51.893115,8,-102,-15,7.0,11,4406,77,2
2017-11-30 16:25:12,-8.500061,51.893115,8,-102,-15,7.0,11,4395,80,2
2017-11-30 16:25:13,-8.500061,51.893115,8,-102,-15,7.0,11,3769,69,2
2017-11-30 16:25:15,-8.500061,51.893115,8,-102,-15,8.0,11,4171,77,2
2017-11-30 16:25:16,-8.500061,51.893115,8,-102,-15,8.0,11,4294,81,2
2017-11-30 16:25:17,-8.500061,51.893115,8,-101,-14,8.0,11,4730,86,2
2017-11-30 16:25:18,-8.500061,51.893115,8,-101,-14,8.0,11,4372,131,2
2017-11-30 16:25:19,-8.500061,51.893115,8,-102,-14,8.0,11,4540,84,2
2017-11-30 16:25:21,-8.500061,51.893115,8,-102,-14,8.0,11,3187,118,2
2017-11-30 16:25:22,-8.500061,51.893115,8,-102,-15,8.0,11,3030,56,2
2017-11-30 16:25:23,-8.500061,51.893115,8,-102,-15,8.0,11,3008,55,2
2017-11-30 16:25:24,-8.500061,51.893115,8,-102,-15,8.0,11,2684,50,2
2017-11-30 16:25:25,-8.500061,51.893115,8,-102,-15,8.0,11,2180,41,2
2017-11-30 16:25:26,-8.500061,51.893115,8,-102,-15,8.0,11,3802,71,2
2017-11-30 16:25:28,-8.500061,51.893115,8,-102,-15,8.0,11,4384,133,2
2017-11-30 16:25:29,-8.500061,51.893115,8,-102,-15,7.0,11,3601,111,2
2017-11-30 16:25:30,-8.500061,51.893115,8,-102,-15,7.0,11,3757,69,2
2017-11-30 16:25:31,-8.500061,51.893115,8,-102,-15,8.0,11,2549,48,2
2017-11-30 16:25:32,-8.500061,51.893115,8,-102,-15,8.0,11,4428,82,2
2017-11-30 16:25:34,-8.500061,51.893115,8,-102,-13,8.0,11,3534,65,2
2017-11-30 16:25:35,-8.500061,51.893115,8,-102,-13,8.0,11,3198,59,2
2017-11-30 16:25:36,-8.500061,51.893115,8,-102,-14,8.0,11,3388,62,2
2017-11-30 16:25:37,-8.500061,51.893115,8,-102,-14,8.0,11,4361,79,2
2017-11-30 16:25:38,-8.500061,51.893115,8,-101,-15,9.0,11,3925,72,2
2017-11-30 16:25:39,-8.500061,51.893115,8,-101,-15,9.0,11,3209,123,2
2017-11-30 16:25:41,-8.500061,51.893115,8,-101,-15,7.0,11,3869,71,2
2017-11-30 16:25:42,-8.500061,51.893115,8,-101,-15,7.0,11,4227,136,2
2017-11-30 16:25:43,-8.500061,51.893115,8,-101,-15,6.0,11,5267,97,2
2017-11-30 16:25:44,-8.500061,51.893115,8,-101,-15,6.0,11,4261,77,2
2017-11-30 16:25:45,-8.500061,51.893115,8,-100,-14,7.0,12,3064,56,2
2017-11-30 16:25:47,-8.500061,51.893115,8,-100,-14,7.0,12,4395,81,2
2017-11-30 16:25:48,-8.500061,51.893115,8,-100,-15,7.0,12,3947,72,2
2017-11-30 16:25:49,-8.500061,51.893115,8,-100,-15,7.0,12,3097,57,2
2017-11-30 16:25:50,-8.500061,51.893115,8,-101,-15,7.0,12,4026,75,2
2017-11-30 16:25:51,-8.500061,51.893115,8,-101,-15,7.0,12,3578,116,2
2017-11-30 16:25:52,-8.500061,51.893115,8,-101,-16,6.0,12,5592,117,2
2017-11-30 16:25:54,-8.500061,51.893115,8,-101,-16,6.0,9,5435,99,2
2017-11-30 16:25:55,-8.500061,51.893115,8,-102,-16,5.0,9,1811,48,0
2017-11-30 16:25:56,-8.500061,51.893115,8,-102,-16,5.0,9,2393,103,0
2017-11-30 16:25:57,-8.500061,51.893115,8,-103,-15,3.0,9,4294,78,2
2017-11-30 16:25:58,-8.500061,51.893115,8,-103,-15,3.0,9,4294,78,2
